Distance,Speed_HAM,Throttle_HAM,Brake_HAM,DRS_HAM,Speed_LEC,Throttle_LEC,Brake_LEC,DRS_LEC
0.0,274.8507483216733,100.0,False,0,278.0,100.0,False,0
7.873706551683293,277.895525353528,100.0,False,0,278.0,100.0,False,0
10.741206551683295,279.0,100.0,False,0,278.0,100.0,False,0
20.336744084483293,280.84500096,100.0,False,0,285.92856685714287,100.0,False,0
26.36841075114996,282.0,100.0,False,0,285.92856685714287,100.0,False,0
37.64108079470551,283.7874976,100.0,False,0,289.52999808,100.0,False,0
51.70274746137218,286.0,100.0,False,0,291.0,100.0,False,0
69.53498544384837,289.17142674285714,100.0,False,0,296.0,100.0,False,0
74.20720766607059,290.0,100.0,False,0,296.0,100.0,False,0
82.46722427833726,291.52999808,99.49000064,False,0,296.0,100.0,False,0
90.44333538944838,293.0,99.0,False,0,296.0,100.0,False,0
108.70180750204096,296.08333155555556,99.61666631111112,False,0,299.156248,100.0,False,0
120.12514083537431,298.0,100.0,False,0,301.0,100.0,False,0
143.5362519464854,301.0,100.0,False,0,301.0,100.0,False,0
143.70348111270764,301.0124992,99.9937504,False,0,301.0,100.0,False,0
160.4958421793743,302.2624992,99.3687504,False,0,304.0,100.0,False,0
170.42750884604098,303.0,99.0,False,0,304.6374992,100.0,False,0
190.62750884604097,303.0,100.0,False,0,306.0,100.0,False,0
195.85918937404097,303.7749984,99.7416672,False,0,306.20999936,100.0,False,0
210.989189374041,306.0,99.0,False,0,307.0,100.0,False,0
219.66822061270764,306.3187496,99.3187496,False,0,308.0166656,100.0,False,0
238.25877616826318,307.0,100.0,False,0,309.0,100.0,False,0
241.84044283492983,307.0,99.79000064,False,0,309.0,100.0,False,0
255.31433172381875,307.0,99.0,False,0,309.0,100.0,False,0
265.7182206127076,307.0,99.5083328,False,0,309.0,100.0,False,0
275.78099839048537,307.0,100.0,False,0,309.0,100.0,False,0
284.4793317238187,307.0,100.0,False,0,309.0,100.0,False,0
301.53488727937423,307.0,100.0,False,0,309.0,100.0,False,0
309.89210950159645,307.0,100.0,False,0,309.0,100.0,False,0
323.5365539460409,307.0,99.0,False,0,309.0,100.0,False,0
328.81932710337423,306.7416672,99.0,False,0,309.0,100.0,False,0
343.9493271033743,306.0,99.0,False,0,309.0,100.0,False,0
356.0193271033742,306.0,99.0,False,0,309.0,100.0,False,0
357.54932710337425,306.0,99.0,False,0,309.0,100.0,False,0
390.0193271033742,306.0,99.95499968,False,0,310.0,100.0,False,0
391.5493271033742,306.0,100.0,False,0,310.0,100.0,False,0
405.3497020793742,306.6749994666667,100.0,False,0,310.0,100.0,False,0
412.0013687460409,307.0,100.0,False,0,310.0,100.0,False,0
420.68517947052163,306.4874373346129,89.23618402687102,False,0,310.0,100.0,False,0
428.9301794705216,306.0,79.0,False,0,310.0,100.0,False,0
450.16438521629937,290.6583296,35.7145728,False,0,306.0,3.0,True,0
466.9216074385216,278.0,0.0,True,0,306.0,3.0,True,0
490.21049632741045,262.0,0.0,True,0,284.0,3.0,True,0
501.2771629940771,249.0,0.0,True,0,261.0,5.0,True,0
514.8327185496327,244.0,0.0,True,0,255.0,7.0,True,0
532.7216074385216,230.0,0.0,True,0,255.0,7.0,True,0
537.9581493309585,224.4232239615809,0.0,True,0,245.1437424,7.2593752,True,0
547.2909271087362,214.0,0.0,True,0,217.0,8.0,True,0
556.8020382198474,214.0,0.0,True,0,210.7437544,9.706248800000001,True,0
561.640246479403,209.8499968,0.0,True,0,210.7437544,9.706248800000001,True,0
567.274996655403,204.9000064,0.0,True,0,206.0,11.0,True,0
574.864996655403,198.0,0.0,True,0,201.66500544,12.01999872,True,0
584.587462135403,192.312504,0.5687496,True,0,194.86500544,13.61999872,True,0
591.7941288020697,188.0,1.0,True,0,189.0,15.0,True,0
597.0629955412697,185.96000256,1.5099993600000001,True,0,189.0,17.0,False,0
605.1856623217142,182.76000256,2.30999936,True,0,188.12500266666666,16.300002133333333,False,0
612.0856623217142,180.0,3.0,False,0,184.0,13.0,False,0
619.9967734328253,178.0,15.0,False,0,184.0,13.0,False,0
622.0652734577142,177.30000213333332,15.0,False,0,184.0,13.0,False,0
629.8267550340105,174.63333546666667,15.0,False,0,179.4500032,8.450003200000001,False,0
631.6634217006772,174.0,15.0,False,0,179.4500032,8.450003200000001,False,0
639.2634217006772,171.0,9.0,True,0,176.0,5.0,False,0
647.7071475366771,167.0187528,5.0187528,True,0,168.0,3.0,False,0
653.9938142033437,164.0,2.0,True,0,164.0,3.0,True,0
661.2176000410581,160.52857417142857,1.4214290285714286,True,0,159.37083626666666,4.683332266666667,True,0
666.3964889299469,158.0,1.0,True,0,159.37083626666666,4.683332266666667,True,0
666.4842389317247,157.9500032,0.9875008,True,0,159.37083626666666,4.683332266666667,True,0
673.2431278206136,154.0,0.0,True,0,155.24583626666666,6.183332266666667,True,0
681.5772645892062,148.52917013333334,0.0,True,0,150.04166933333335,7.0,True,0
688.7599730958729,143.65417013333334,0.0,True,0,148.0,7.0,True,0
692.5983064292062,141.0,0.0,True,0,148.0,7.0,True,0
698.0666213281692,138.63333546666667,0.0,True,0,148.0,7.80499968,True,0
701.7960657726136,137.0,0.0,True,0,148.0,7.80499968,True,0
713.473932668258,130.56000256,0.0,True,0,131.0,9.0,True,0
716.268932668258,129.0,0.0,True,0,131.0,9.0,True,0
721.861307836258,124.27500373333334,0.0,True,0,124.35000502857143,8.0,True,0
724.5046411695913,122.0,0.0,True,0,124.35000502857143,8.0,True,0
732.1713078362579,115.0,0.0,True,0,114.4875008,8.0,True,0
733.5024745349245,114.10000274285714,0.0,True,0,114.4875008,8.0,True,0
740.7085856460357,109.0,0.0,True,0,110.9500032,7.564286171428572,True,0
743.1913634238134,109.0,0.0,True,0,107.0,7.0,True,0
745.5530300904801,109.0,0.0,True,0,106.1578968980356,8.6842062039288,True,0
749.1435579767023,105.9500032,0.0,True,0,102.94987530420065,15.100249391598705,True,0
753.6202246433689,102.0,0.0,False,0,99.0,23.0,False,0
754.8065404422979,101.68421133676335,0.10526288774555,False,0,99.0,23.0,False,0
759.2723716973679,100.48120323907524,0.5062655869749191,False,0,99.0,27.0,False,0
764.689871697368,99.0,1.0,True,0,97.0,1.0,True,0
764.772334196568,98.95499904,1.0,True,0,97.0,1.0,True,0
770.0256675299013,96.0,1.0,True,0,96.51110826666667,1.3666688,True,0
770.1056496723775,95.97857097142857,0.9892854857142858,True,0,96.51110826666667,1.3666688,True,0
777.3384274501552,94.0,0.0,False,0,93.0,4.0,True,0
778.4813409956367,93.51110826666667,1.2222293333333334,False,0,93.0,4.0,True,0
785.5124518855133,90.39999715555555,9.000007111111112,False,0,88.69039235389562,10.893234407469727,False,0
786.4124518855133,90.0,10.0,False,0,88.69039235389562,10.893234407469727,False,0
791.3568963299577,89.0,27.0,False,0,88.0,14.0,False,0
796.0396562226706,91.61921529220876,34.85764587662631,False,0,88.01250026666666,14.162503466666667,False,0
798.5454895560039,93.0,39.0,False,0,88.7583328,23.858326400000003,False,0
803.8232673337817,95.0,40.0,False,0,90.0142848,29.535712,False,0
803.9025173355595,95.10000213333333,40.01250026666666,False,0,90.0142848,29.535712,False,0
808.9277763826706,101.0666624,40.7583328,False,0,93.12499733333334,35.824995200000004,False,0
810.5872208271151,103.0,41.0,False,0,93.12499733333334,35.824995200000004,False,0
814.7700223062261,106.0428544,44.0428544,False,0,96.09166613333333,41.45833066666667,False,0
818.9483556395594,109.0,47.0,False,0,97.0,46.0,False,0
822.084855579115,110.69999786666666,28.300023466666666,False,0,99.17856914285714,46.0,False,0
826.4165222457817,113.0,3.0,True,0,102.0,46.0,False,0
827.1053972555595,112.7250016,2.7250016,True,0,102.0,46.0,False,0
833.7665083666707,110.0,0.0,True,0,108.34285348571429,9.528592457142857,False,0
837.4352227143532,108.25714468571428,0.0,True,0,110.0,0.0,False,0
842.0874449365755,106.0,0.0,True,0,108.9785728,0.0,False,0
843.3171116245754,105.40000182857143,0.0,True,0,107.90714422857143,0.0,False,0
848.4585402874326,102.82857325714286,0.0,True,0,106.0,0.0,False,0
850.1018736207659,102.0,0.0,True,0,106.0,0.0,False,0
854.5463180652104,100.0,0.0,True,0,106.0,0.0,True,0
854.6018617167659,99.9785728,0.0,True,0,106.0,0.0,True,0
857.3492823897818,98.90714422857143,0.0,True,0,106.0,0.0,True,0
862.145393500893,97.0,0.0,True,0,103.0,0.0,True,0
863.2721601824929,96.58000128,0.0,True,0,103.0,0.0,True,0
867.4416046269374,95.0,0.0,False,0,98.19545658181818,0.0,True,0
871.6437046845374,93.38000128,0.0,False,0,96.0,0.0,True,0
872.6253713512041,93.0,0.0,False,0,96.0,0.0,True,0
880.1967249841738,90.25454661818182,3.4318167272727274,False,0,94.2250016,0.0,True,0
883.6083916508405,89.0,5.0,False,0,94.0,0.0,False,0
884.6467249841738,89.0,9.9874848,False,0,90.0,10.0,False,0
887.563947206396,89.0,24.0,False,0,90.0,10.0,False,0
891.1095096748405,89.8874992,25.7749984,False,0,89.0,10.0,False,0
891.5595096748406,90.0,26.0,False,0,89.0,10.0,False,0
896.7817318970627,94.0,35.0,False,0,91.0,35.0,False,0
901.0928430081739,97.0,37.0,False,0,93.37857005714285,39.75714011428572,False,0
904.4095969454437,97.87142765714286,37.43571382857143,False,0,94.0,41.0,False,0
906.0479302635389,98.29999908571429,37.649999542857145,False,0,94.0,41.0,False,0
908.7429302635389,99.0,38.0,False,0,97.63999744,44.63999744,False,0
915.1901800662056,104.5499968,44.342853485714286,False,0,104.34499712,47.81999872,False,0
916.8979578439834,106.0,46.0,False,0,104.34499712,47.81999872,False,0
922.4408688256723,109.63999744,52.36999552,False,0,107.0,49.0,False,0
922.9908688256724,110.0,53.0,False,0,107.0,49.0,False,0
932.3806851414056,119.86999552,64.27999488,False,0,116.0,64.8625024,False,0
936.44512958585,124.0,69.0,False,0,116.0,73.0,False,0
941.4240323808706,126.22570466249309,69.0,False,0,117.09773032727273,73.3659101090909,False,0
947.7665323808706,129.0,69.0,False,0,124.73409396363637,75.91136465454545,False,0
948.5974340199816,130.0541696,69.958336,False,0,124.73409396363637,75.91136465454545,False,0
957.0363229088706,140.0,79.0,False,0,137.0,80.0,False,0
957.937780630406,141.09773032727273,79.47045585454545,False,0,137.0,80.0,False,0
964.5481848065676,148.73409396363635,82.74318312727273,False,0,137.0,80.0,False,0
973.388124200507,158.3272727272727,86.85454545454546,False,0,137.0,80.0,False,0
975.8925686449513,161.0,88.0,False,0,153.35458746792023,89.08588192662235,False,0
985.3370130893958,170.0,88.0,False,0,173.0,100.0,False,0
985.5261056950254,170.18334506666667,88.2000128,False,0,173.0,100.0,False,0
997.391661250581,181.0,100.0,False,0,175.5159104,100.0,False,0
1005.8855642454641,186.45152915597342,100.0,False,0,179.1772701090909,100.0,False,0
1016.4469531343532,193.0,100.0,False,0,187.6374912,100.0,False,0
1023.193938062353,197.4727296,100.0,False,0,195.6687472,100.0,False,0
1033.336367123848,203.98181352727272,100.0,False,0,199.6062472,100.0,False,0
1041.3480337905146,209.0,100.0,False,0,200.0,100.0,False,0
1046.1085893460702,209.0,100.0,False,0,212.2687448,100.0,False,0
1050.6369226794034,209.0,100.0,False,0,212.2687448,100.0,False,0
1057.8618218358479,213.1937456,100.0,False,0,213.0,100.0,False,0
1068.8308841158478,219.3812456,100.0,False,0,219.10499648,100.0,False,0
1069.930884115848,220.0,100.0,False,0,219.10499648,100.0,False,0
1089.0989706194034,228.4937464,100.0,False,0,230.937496,100.0,False,0
1090.2439706194034,229.0,100.0,False,0,230.937496,100.0,False,0
1104.6394371282036,233.43999744,100.0,False,0,234.0,100.0,False,0
1115.1567703477592,236.63999744,100.0,False,0,235.5124992,100.0,False,0
1116.3417703477592,237.0,100.0,False,0,235.5124992,100.0,False,0
1131.1706764744256,240.468748,100.0,False,0,241.0,100.0,False,0
1137.7584542522034,242.0,100.0,False,0,241.0,100.0,False,0
1148.6028986966478,244.0,100.0,False,0,242.0333312,100.0,False,0
1154.2073708459811,246.0499968,100.0,False,0,245.36666453333333,100.0,False,0
1159.5807041793144,248.0,100.0,False,0,245.36666453333333,100.0,False,0
1166.607370845981,248.0,100.0,False,0,247.36666453333333,100.0,False,0
1170.6029264015365,248.0,100.0,False,0,248.0,100.0,False,0
1184.6029264015367,252.0,100.0,False,0,248.0,100.0,False,0
1184.7429387464256,252.0222208,100.0,False,0,248.0,100.0,False,0
1198.8676300254378,254.2444430222222,100.0,False,0,255.0,100.0,False,0
1207.3868892372898,255.57777635555556,100.0,False,0,255.0,100.0,False,0
1210.089111459512,256.0,100.0,False,0,256.82999808,100.0,False,0
1224.4224447928452,258.0,100.0,False,0,259.3071414857143,100.0,False,0
1230.30578208402,258.2928566857143,100.0,False,0,259.3071414857143,100.0,False,0
1244.55078208402,259.0,100.0,False,0,261.80999936,100.0,False,0
1253.3486765067755,259.60999936,100.0,False,0,262.0,100.0,False,0
1258.9820098401087,260.0,100.0,False,0,262.0,100.0,False,0
1267.8226526662675,260.8714276571429,100.0,False,0,263.6777770666667,100.0,False,0
1279.3215415551563,262.0,100.0,False,0,264.0,100.0,False,0
1291.1115415551565,262.0,100.0,False,0,265.0,100.0,False,0
1293.877097110712,262.0,100.0,False,0,265.0,100.0,False,0
1315.8559859996008,262.0,100.0,False,0,265.0200992354726,100.0,False,0
1320.0770971107117,262.0,100.0,False,0,265.0200992354726,100.0,False,0
1331.810430444045,264.0,100.0,False,0,267.21500032,100.0,False,0
1331.9571005827117,264.0062496,100.0,False,0,267.21500032,100.0,False,0
1346.6588366716005,264.6312496,100.0,False,0,268.0958336,100.0,False,0
1355.3449477827119,265.0,100.0,False,0,269.0,100.0,False,0
1355.492170004934,265.0,100.0,False,0,269.0,100.0,False,0
1369.9935588938229,265.0,100.0,False,0,269.7090909090909,100.0,False,0
1373.1588366716005,265.0,100.0,False,0,269.7090909090909,100.0,False,0
1384.715781116045,265.0,100.0,False,0,271.20909265454543,100.0,False,0
1386.4100612120453,265.1916672,100.0,False,0,271.20909265454543,100.0,False,0
1402.5042278787118,267.0,100.0,False,0,272.0,100.0,False,0
1410.2243894948733,267.23636363636365,100.0,False,0,272.0,100.0,False,0
1426.5860561970956,267.7363642181818,100.0,False,0,272.6791669333333,100.0,False,0
1435.2216117526514,268.0,100.0,False,0,273.0,100.0,True,0
1439.9860561970959,268.0,100.0,False,0,273.0,100.0,True,0
1447.4305006415402,268.0,100.0,False,0,267.9500032,100.0,True,0
1459.118278419318,268.0,100.0,True,0,267.0,100.0,True,0
1469.9304225760586,238.79582186666667,32.08330666666667,True,0,217.0,0.0,True,0
1474.7429225760586,225.0,0.0,True,0,216.7937632,0.0062496,True,0
1486.1400252059843,203.11668053333332,0.0,True,0,185.8562632,0.9437496,True,0
1488.2405807615398,199.0,0.0,True,0,185.8562632,0.9437496,True,0
1501.151691872651,166.0,0.0,True,0,172.7250176,1.5124992,True,0
1501.2438238228733,165.8375104,0.0,True,0,172.7250176,1.5124992,True,0
1508.8044493428733,151.21251039999999,0.0,True,0,140.0,3.0,True,0
1513.5198663562066,141.46251039999999,0.0,True,0,140.0,3.0,True,0
1514.2198663562067,140.0,0.0,True,0,140.0,3.0,True,0
1519.8198663562066,126.0,0.0,True,0,124.87500800000001,4.20999936,True,0
1522.6198247988732,122.9250048,0.0,True,0,119.87500800000001,4.60999936,True,0
1530.1564914655398,114.0,0.0,True,0,106.20000465454545,4.450000290909091,True,0
1537.16911403194,104.32000512,0.0,True,0,99.0,4.0,True,0
1539.4162252568287,101.12000512,0.0,True,0,94.562504,4.0,True,0
1541.539558590162,98.0,0.0,True,0,94.0,4.0,True,0
1547.6836699359399,91.40000349090909,0.0,True,0,91.0,4.0,True,0
1552.4136699359399,86.0,0.0,True,0,86.26667093333333,4.394444088888889,True,0
1555.6658645066066,82.4500032,0.0,True,0,79.0,5.0,True,0
1556.0758645066064,82.0,0.0,False,0,79.0,5.0,True,0
1559.7354895306064,81.32500053333334,0.0,False,0,78.0,5.0,False,0
1561.4904895306063,81.0,0.0,False,0,76.86666808888889,12.083324444444443,False,0
1564.654372274705,80.21111182222222,12.622210844444446,False,0,74.0,30.0,False,0
1569.0488167586557,79.10000071111111,30.399988622222224,False,0,74.21999872,30.76999552,False,0
1569.4438167586557,79.0,32.0,False,0,74.21999872,30.76999552,False,0
1572.9993723142113,80.0,35.0,False,0,77.61999872,42.66999552,False,0
1575.3142055871,81.69999786666666,36.133331911111114,False,0,78.0,44.0,False,0
1581.4775389204335,86.0,39.0,False,0,80.92856685714285,48.807136914285714,False,0
1582.0067916767002,86.60499648,39.87999488,False,0,80.92856685714285,48.807136914285714,False,0
1591.0692080109225,95.95499648,53.47999488,False,0,96.0,56.0,False,0
1592.0930968998114,97.0,55.0,False,0,96.0,56.0,False,0
1596.6708746775892,103.0,61.0,False,0,103.06999552,61.0999936,False,0
1599.0703507847636,105.34285348571429,61.58571337142857,False,0,110.0,71.0,False,0
1605.1753507847636,111.0,63.0,False,0,113.812496,73.2874976,False,0
1609.6657062393415,113.83999744,63.0,False,0,120.20713874285714,80.36428068571429,False,0
1611.5184840171194,115.0,63.0,False,0,120.20713874285714,80.36428068571429,False,0
1617.2073729060082,128.0,83.0,False,0,124.0,85.0,False,0
1617.2785395691194,128.0999936,83.07999488,False,0,124.0,85.0,False,0
1624.8685395691193,138.0,91.0,False,0,133.0,99.77999872,False,0
1629.545206235786,138.0,97.8624928,False,0,133.0,99.0,False,0
1631.0018729024528,138.0,100.0,False,0,133.0,99.0,False,0
1637.7586224704528,150.1499904,100.0,False,0,164.0,99.0,False,0
1642.9702891371194,159.0,100.0,False,0,164.0,99.0,False,0
1650.434455803786,169.0,100.0,False,0,170.9251522118441,99.31477964599291,False,0
1652.5242115001417,170.98001152,100.0,False,0,170.9251522118441,99.31477964599291,False,0
1660.237544833475,178.0,100.0,False,0,177.68138772586096,99.6218812602664,False,0
1665.5085289604592,182.45714285714286,100.0,False,0,186.0,100.0,False,0
1674.7974178493482,190.0,100.0,False,0,187.4781272,100.0,False,0
1683.7110927146177,195.66603362787245,100.0,False,0,197.0,100.0,False,0
1692.6530421672755,201.19386268479533,100.0,False,0,201.62856777142858,100.0,False,0
1704.035264389498,208.0,100.0,False,0,205.0,100.0,False,0
1706.527734019498,208.671876,100.0,False,0,205.0,100.0,False,0
1722.9169006861648,213.0,100.0,False,0,209.33999104,100.0,False,0
1723.0944899737838,213.10714514285715,100.0,False,0,209.33999104,100.0,False,0
1732.7575254861647,218.7857097142857,100.0,False,0,219.0,100.0,False,0
1740.0669699306088,223.0,100.0,False,0,219.0,100.0,False,0
1743.941846843879,224.99285302857143,100.0,False,0,219.0,100.0,False,0
1757.9907357327677,232.0,100.0,False,0,219.0,99.7416672,False,0
1762.0023079219236,232.92999808,99.69000064,False,0,219.0,99.0,False,0
1771.0106412552568,235.0,99.0,False,0,219.0,99.0,False,0
1784.2328634774788,238.0,99.0,False,0,237.3874992,99.0,False,0
1787.014430129212,238.41999872,99.0,False,0,238.0,99.0,False,0
1797.5477634625454,240.0,99.0,False,0,238.81999872,99.0,False,0
1801.6944439905453,240.7749984,99.2583328,False,0,240.61999872,99.0,False,0
1813.7094439905457,243.0,100.0,False,0,242.0,99.0,False,0
1824.5094439905454,243.0,100.0,False,0,246.0,99.0,False,0
1828.6944439905458,243.0,100.0,False,0,246.0,99.0,False,0
1835.3094439905458,243.0,100.0,False,0,246.34444373333332,99.0,False,0
1840.8724606134792,244.22999808,100.0,False,0,246.34444373333332,99.0,False,0
1853.2189605174792,246.92999808,100.0,False,0,248.0,99.0,False,0
1862.763960517479,249.0,100.0,False,0,248.0,99.0,False,0
1865.673860502546,249.41999872,100.0,False,0,248.0249984,99.0,False,0
1876.6899716136572,251.0,100.0,False,0,250.5249984,99.0,False,0
1881.0157154346941,251.17222186666666,100.0,False,0,251.0,99.0,False,0
1897.8049746702497,251.83888853333335,100.0,False,0,251.0,99.0,False,0
1901.8649746702497,252.0,100.0,False,0,251.0,99.0,False,0
1913.020530225805,251.0,100.0,False,0,251.0,99.59545425454546,False,0
1913.1599746702495,251.0,100.0,False,0,251.0,99.59545425454546,False,0
1927.1044191146937,251.0,100.0,False,0,251.0,100.0,False,0
1929.7538635591384,251.0,100.0,False,0,251.0,100.0,False,0
1941.022827865424,250.42142902857142,100.0,False,0,250.77857188571429,100.0,False,0
1949.2172723098686,250.0,100.0,False,0,250.0,100.0,False,0
1953.5204011027572,249.8590912,100.0,False,0,250.0,100.0,False,0
1967.376209199727,249.40454574545456,100.0,False,0,250.0,100.0,False,0
1979.6878758663936,249.0,100.0,False,0,250.0,100.0,False,0
1983.9685822313459,248.55714377142857,100.0,False,0,250.0,100.0,False,0
1998.9258044535684,247.0,100.0,False,0,250.0,99.82777813333334,False,0
1999.0630211205903,246.99000064,99.91000576,False,0,250.0,99.82777813333334,False,0
2010.0047989268128,246.19000064,92.71000576,False,0,250.0,99.0,False,0
2012.6014655934791,246.0,91.0,False,0,250.0,99.0,False,0
2027.7286843681459,245.3062504,91.0,False,0,250.0,99.0,False,0
2034.3981288125904,245.0,91.0,False,0,250.0,99.38558037000449,False,0
2038.617573257035,245.0,90.4833344,False,0,250.0,99.38558037000449,False,0
2058.89812881259,245.0,88.0,False,0,247.8999936,100.0,False,0
2065.8277538277016,244.57500053333334,88.0,False,0,243.0,100.0,False,0
2075.1810871610346,244.0,88.0,False,0,243.0250016,100.0,False,0
2083.517753827701,244.0,92.62696444005383,False,0,244.0,100.0,False,0
2096.802198272146,244.0,100.0,False,0,243.0,100.0,False,0
2102.4885315841457,243.6999990857143,100.0,False,0,242.8113634909091,100.0,False,0
2115.718531584146,243.0,100.0,False,0,242.1295458909091,100.0,False,0
2115.9885038045904,242.9749984,100.0,False,0,242.1295458909091,100.0,False,0
2126.475170471257,242.0,100.0,False,0,242.0,100.0,False,0
2134.810726026813,242.0,100.0,False,0,241.1187504,100.0,False,0
2139.986837137924,242.0,100.0,False,0,241.1187504,100.0,False,0
2145.557583343338,241.62272698181818,100.0,False,0,241.0,100.0,False,0
2165.5791743251566,240.25909178181817,100.0,False,0,241.3874992,100.0,False,0
2169.3791743251563,240.0,100.0,False,0,241.3874992,100.0,False,0
2188.3862679811564,242.6437488,100.0,False,0,243.0,100.0,False,0
2190.951267981156,243.0,100.0,False,0,243.0,100.0,False,0
2204.586267981156,243.0,100.0,False,0,242.3625008,51.5500608,False,0
2207.151267981156,243.0,100.0,False,0,242.0,24.0,False,0
2211.3095735918223,241.4500032,81.4000384,False,0,242.0,24.0,False,0
2224.4456848807113,236.4500032,21.4000384,False,0,240.69000064,14.1750048,False,0
2228.2317959918223,235.0,4.0,True,0,240.69000064,14.1750048,False,0
2240.7317959918223,225.0,3.0,True,0,225.9750176,10.2749984,True,0
2246.9442336958223,219.2625072,3.6374991999999997,True,0,214.60000426666667,11.424999466666666,True,0
2250.4242336958223,216.0,4.0,True,0,214.60000426666667,11.424999466666666,True,0
2260.9761895102224,208.72000512,4.9099993600000005,True,0,210.0,12.0,True,0
2265.543300735111,205.52000512,5.30999936,True,0,202.47857737142857,13.157141942857143,True,0
2273.2099674017777,200.0,6.0,True,0,197.0,14.0,True,0
2278.840509113778,198.7250016,6.0,True,0,195.17000192,15.21999872,True,0
2282.030509113778,198.0,6.0,True,0,195.17000192,15.21999872,True,0
2287.5321342497778,194.1750048,7.699997866666667,True,0,194.0,16.0,True,0
2294.7771342497776,189.0,10.0,False,0,185.95454836363638,18.0,True,0
2303.1519557812067,186.10714514285715,11.157141942857143,False,0,178.6818210909091,18.0,True,0
2309.1830668923176,184.0,12.0,False,0,178.6818210909091,18.0,True,0
2315.3359336457397,181.56000256,19.92999168,False,0,176.0,18.0,False,0
2319.23593364574,180.0,25.0,False,0,176.0,18.0,False,0
2327.058155867962,176.0,30.0,False,0,172.0,31.0,False,0
2327.155928595558,175.99090967272727,30.009090327272727,False,0,172.0,31.0,False,0
2342.670272081619,174.53636421818183,31.463635781818184,False,0,170.2250016,31.0,False,0
2348.373605414952,174.0,32.0,False,0,169.0,31.0,False,0
2363.75138319273,173.0,42.0,False,0,169.0,46.0,False,0
2363.847499859041,173.00999936,42.10999296,False,0,169.0,46.0,False,0
2373.417499859041,174.0,53.0,False,0,169.50499968,50.54499712,False,0
2373.5141757843744,174.0166656,53.0333312,False,0,169.50499968,50.54499712,False,0
2380.326860928078,175.18333226666667,55.366664533333335,False,0,169.95499968,54.59499712,False,0
2385.117972039189,176.0,57.0,False,0,170.0,55.0,False,0
2394.130763624967,178.2749984,64.39374480000001,False,0,174.18333226666667,60.366664533333335,False,0
2401.030763624967,180.0,70.0,False,0,175.84999893333332,63.69999786666666,False,0
2411.3007801839003,183.02999808,68.48500096,False,0,179.1555527111111,63.21111182222222,False,0
2420.5872800879,185.72999808,67.13500096,False,0,184.0,62.0,False,0
2421.5172800879,186.0,67.0,False,0,184.0,62.0,False,0
2429.7395023101226,185.0,5.0,True,0,182.45606490194336,31.121298038867042,False,0
2430.8650162283448,184.1750048,4.633335466666667,True,0,182.45606490194336,31.121298038867042,False,0
2440.680294272789,176.6750048,1.3000021333333334,True,0,177.85712457142859,1.8428562285714285,True,0
2441.560294272789,176.0,1.0,True,0,161.0,1.0,True,0
2448.129109424197,166.53334186666666,1.394444088888889,True,0,161.0,1.0,True,0
2457.333553868641,152.0,2.0,True,0,161.0,1.0,True,0
2462.368633854424,147.36819470583006,2.0,True,0,145.21110613333335,0.4361109333333333,True,0
2466.9764116322017,143.0,2.0,True,0,145.21110613333335,0.4361109333333333,True,0
2468.706903595122,141.58570605714286,1.8428562285714285,True,0,133.0,0.0,True,0
2477.4913480395667,134.0,1.0,True,0,124.81000576,0.0,True,0
2479.117968546012,133.08713234552113,1.0,True,0,124.0,0.0,True,0
2484.8854188978084,129.76763291541278,1.0,True,0,124.0,0.0,True,0
2486.2112522311418,129.0,1.0,True,0,124.0,0.0,True,0
2493.3900276640306,127.3083328,0.4361109333333333,True,0,124.0,0.0,False,0
2498.885027664031,126.0,0.0,True,0,116.0,0.0,False,0
2504.8409779552308,117.81000576,0.90999936,True,0,116.0,0.0,False,0
2505.425977955231,117.0,1.0,False,0,115.9666688,0.24165119999999998,False,0
2512.41281142012,113.30000213333334,12.71665991111111,False,0,112.0,29.0,False,0
2516.66781142012,111.0,20.0,False,0,112.0,45.0,False,0
2524.1344780867867,112.0,20.0,False,0,112.0,44.0374976,False,0
2524.196711419409,112.01999872,20.23998464,False,0,112.0,44.0374976,False,0
2530.466711419409,114.0,44.0,False,0,112.0,48.9124976,False,0
2530.530058640742,114.0249984,44.0083328,False,0,112.0,48.9124976,False,0
2538.265058640742,117.0,45.0,False,0,120.97777208888888,56.17221831111111,False,0
2540.9884266051863,119.562496,50.6374912,False,0,120.97777208888888,56.17221831111111,False,0
2543.6317599385197,122.0,56.0,False,0,126.31110542222223,59.83888497777778,False,0
2549.276204382964,127.0,64.0,False,0,131.0,64.0,False,0
2549.3467911865196,127.0562464,64.031248,False,0,131.0,64.0,False,0
2559.0512006487415,134.3687464,68.093748,False,0,136.5499968,69.04545163636364,False,0
2561.242311759853,136.0,69.0,False,0,136.5499968,69.04545163636364,False,0
2569.1882683504705,141.61110755555555,72.36666453333333,False,0,142.0,74.0,False,0
2574.019749713433,144.9444408888889,74.36666453333333,False,0,142.0,75.0,False,0
2575.5608608245443,146.0,75.0,False,0,142.0,75.0,False,0
2584.0608608245443,153.0,76.0,False,0,157.0,75.0,False,0
2584.9989163623222,153.4999970909091,76.14999912727272,False,0,157.0,75.0,False,0
2593.7792192310094,158.04545163636362,77.5136354909091,False,0,158.85999616,75.15499968,False,0
2600.965077687575,161.68181527272728,78.60454458181817,False,0,167.85999616,75.90499968,False,0
2603.5911887986863,163.0,79.0,False,0,167.85999616,75.90499968,False,0
2613.035633243131,170.0,83.0,False,0,169.0,76.0,False,0
2615.03529986002,171.39999573333333,84.22499626666666,False,0,169.0,76.0,False,0
2624.82529986002,178.0,90.0,False,0,175.0857088,81.5785664,False,0
2627.9228886827755,179.85999616,91.5499968,False,0,181.0,87.0,False,0
2643.6612216961084,188.85999616,99.0499968,False,0,181.0,100.0,False,0
2645.6667772516644,190.0,100.0,False,0,181.0,100.0,False,0
2655.61737423122,196.8249952,99.2416672,False,0,182.5812408,100.0,False,0
2658.823485342331,199.0,99.0,False,0,204.0,100.0,False,0
2666.7729495378862,201.535712,99.0,False,0,204.0249984,99.9875008,False,0
2674.5929495378864,204.0,99.0,False,0,206.0,99.0,False,0
2683.9551993938862,208.0499968,99.0,False,0,208.76110862222222,99.0,False,0
2693.2596438383302,212.0,99.0,False,0,212.66944071111112,99.0,False,0
2694.558560485442,212.5499968,99.0687496,False,0,212.66944071111112,99.0,False,0
2712.7696715965526,220.0,100.0,False,0,216.5558071496924,99.50797244995606,False,0
2712.891893818775,220.0,100.0,False,0,216.5558071496924,99.50797244995606,False,0
2722.5474493743304,220.0,100.0,False,0,220.0,100.0,False,0
2731.334137547762,222.76110862222222,100.0,False,0,222.0,100.0,False,0
2743.989847987466,226.66944071111112,100.0,False,0,228.0,100.0,False,0
2745.061792431911,227.0,100.0,False,0,228.0,100.0,False,0
2759.249045605622,229.03188979982423,100.0,False,0,229.63000064,100.0,False,0
2773.109045605622,231.0,100.0,False,0,232.8062512,100.0,False,0
2779.838712272289,232.95,100.0,False,0,232.8062512,100.0,False,0
2783.4787122722887,234.0,100.0,False,0,238.0374976,100.0,False,0
2796.711212272289,237.0,100.0,False,0,241.0,100.0,False,0
2807.515848412378,238.63000064,100.0,False,0,241.21999872,100.0,False,0
2823.3816817457114,241.0,100.0,False,0,244.61999872,100.0,False,0
2826.265642980526,241.44791733333332,100.0,False,0,244.61999872,100.0,False,0
2845.2030907938592,244.35416533333333,100.0,False,0,246.0,100.0,False,0
2855.999757460526,246.0,100.0,False,0,246.0,100.0,False,0
2857.50376301217,246.10999936,100.0,False,0,246.0,100.0,False,0
2880.9080407295037,247.80999936,100.0,False,0,251.0,100.0,False,0
2883.525818507281,248.0,100.0,False,0,251.0166656,100.0,False,0
2902.9702629517255,250.0,100.0,False,0,254.0166656,100.0,False,0
2908.676380989059,250.5124992,100.0,False,0,254.0166656,100.0,False,0
2914.1147143223925,251.0,100.0,False,0,255.0,100.0,False,0
2921.2354122277256,251.3187496,100.0,False,0,255.3874992,100.0,False,0
2936.495412227726,252.0,100.0,False,0,257.0,100.0,False,0
2936.6354214863923,252.0166656,100.0,False,0,257.0,100.0,False,0
2950.7289399456517,253.68333226666667,100.0,False,0,259.0,100.0,False,0
2962.063013972318,255.0166656,100.0,False,0,259.5083328,100.0,False,0
2970.454125083429,256.0,100.0,False,0,260.0,100.0,False,0
2974.8630139723177,256.0,94.9625104,False,0,260.0,100.0,False,0
2993.2096806389845,256.0,74.0,True,0,261.0,93.0,True,0
2996.139180813207,251.10001493333334,61.22503893333333,True,0,261.0,93.0,True,0
3008.679180813207,228.0,1.0,True,0,210.0,0.0,True,0
3016.009630302985,216.3083456,1.0,True,0,209.8277888,0.0037034666666666666,True,0
3022.729074747429,205.0,1.0,True,0,183.99445546666666,0.5592590222222222,True,0
3030.507125025118,197.19000704,1.0,True,0,183.99445546666666,0.5592590222222222,True,0
3033.6326805806734,194.0,1.0,True,0,183.99445546666666,0.5592590222222222,True,0
3050.49934724734,138.0,1.0,True,0,130.60556657777778,1.7074071703703704,True,0
3050.575973793118,137.9277824,0.9981482666666667,True,0,130.60556657777778,1.7074071703703704,True,0
3061.167177882007,127.09444906666667,0.7203704888888889,True,0,117.0,2.0,True,0
3071.4373017496614,115.53889351111111,0.4240741925925926,True,0,102.0,1.0,True,0
3080.16276509781,104.70556017777778,0.1462964148148148,True,0,94.28333653333334,0.5708341333333333,True,0
3084.50776509781,99.0,0.0,True,0,92.0,0.0,False,0
3092.71474035541,91.75500288,12.0749952,True,0,85.0,13.1,False,0
3094.6647403554102,90.0,15.0,False,0,85.0,32.0,False,0
3101.7425181331882,91.0,30.0,False,0,90.38504294202703,45.462607355067554,False,0
3104.382965981188,92.2874976,30.429165866666665,False,0,90.38504294202703,45.462607355067554,False,0
3107.9601882034103,94.0,31.0,False,0,91.0,50.267853714285714,False,0
3111.1982028620273,94.77116074000897,37.55486629007626,False,0,91.0,50.267853714285714,False,0
3116.4248695286938,96.0,48.0,False,0,97.43888213333334,52.0,False,0
3117.070869528694,96.9,48.6,False,0,97.43888213333334,52.0,False,0
3123.370869528694,105.0,54.0,False,0,110.0,52.0,False,0
3125.278508780525,107.30470791550161,46.908591029225825,False,0,111.10908974545454,47.84091345454546,False,0
3133.704501611268,116.66759304105855,18.099713719819853,False,0,112.74545338181818,41.70454981818182,False,0
3134.9172793890457,118.0,14.0,False,0,114.0,37.0,False,0
3140.815943184093,116.03928777142858,4.8500096,False,0,113.8062504,32.15626,False,0
3143.914554295204,115.0,0.0,False,0,113.3687504,21.218759999999996,False,0
3147.777322849871,113.9833344,0.0,False,0,113.0,12.0,False,0
3155.1817672943153,112.0,0.0,False,0,108.47000192,8.98000128,False,0
3158.9303405759315,110.61363781818181,4.7136314181818175,False,0,107.0,8.0,False,0
3164.358749739568,108.56818327272727,11.668176872727273,False,0,106.0,8.0,False,0
3168.4604164062343,107.0,17.0,False,0,105.0,23.0,False,0
3170.306530982679,107.1937496,17.0,False,0,105.0,23.0,False,0
3174.4921906893455,107.6312496,17.0,False,0,107.6437488,39.7437424,False,0
3178.0321906893455,108.0,17.0,False,0,107.6437488,39.7437424,False,0
3179.902868445079,108.61999872,21.33999104,False,0,108.0,42.0,False,0
3187.304201693079,111.01999872,38.13999104,False,0,112.0,48.0,False,0
3190.353090581968,112.0,45.0,False,0,112.0,48.0,False,0
3195.4197572486346,114.0,47.0,False,0,112.0,48.0,False,0
3196.7546572337014,114.41999872,46.37000192,False,0,112.0,48.0,False,0
3201.8457683448128,116.0,44.0,False,0,116.43999744,52.99499712,False,0
3211.415653542146,122.1687472,55.4562448,False,0,123.1062472,58.3312488,False,0
3212.7139868754793,123.0,57.0,False,0,123.1062472,58.3312488,False,0
3224.4473202088125,132.0,59.0,False,0,136.0,60.0,False,0
3225.2539868754793,132.0,59.0,False,0,136.0,60.0,False,0
3230.3139868754793,132.0,59.0,False,0,138.535712,63.5499968,False,0
3238.762011697879,136.99499712,63.43999744,False,0,141.0,67.0,False,0
3243.418511601879,139.69499712,65.83999744,False,0,144.5499968,69.218748,False,0
3245.6901782685454,141.0,67.0,False,0,144.5499968,69.218748,False,0
3251.4968933254345,147.2124944,69.6624976,False,0,149.0,72.0,False,0
3259.1607822143233,155.0,73.0,False,0,153.3208288,74.0333312,False,0
3260.110805346175,155.45833066666665,73.36666453333333,False,0,153.3208288,74.0333312,False,0
3269.7996942350637,160.0,77.0,False,0,166.0,80.0,False,0
3276.2708369479524,164.0571392,78.5214272,False,0,169.0499968,80.0,False,0
3282.7108369479524,168.0,80.0,False,0,172.0,80.0,False,0
3289.495034722619,171.9937464,82.218748,False,0,176.5642816,84.0571392,False,0
3298.2467013892856,177.0,85.0,False,0,181.0,88.0,False,0
3304.3570091421743,180.3041632,86.270832,False,0,184.0,88.0,False,0
3323.251453586619,190.0,90.0,False,0,189.16080932098185,89.0,False,0
3329.8109303119522,193.5583296,87.9666688,False,0,197.35820861305447,89.59701435509076,False,0
3336.268152534174,197.0,86.0,False,0,199.74626603341753,93.57711005569587,False,0
3344.0387080897303,197.0,89.0428544,False,0,200.0,94.0,False,0
3351.5903747563966,197.0,92.0,False,0,208.458336,94.0,False,0
3360.8792636452863,209.0,90.0,False,0,213.0,95.0,False,0
3363.3910608904416,210.29000192,91.50500224,False,0,213.0,95.0,False,0
3372.7674497793305,215.0,97.0,False,0,215.2888846222222,96.43055288888888,False,0
3375.35099113502,216.2964855925891,96.78391906790182,False,0,215.2888846222222,96.43055288888888,False,0
3384.9276578016866,221.0,96.0,False,0,221.0,100.0,False,0
3386.4041752115804,221.4776114840726,96.0,False,0,222.312496,100.0,False,0
3396.3891391246725,224.66168804455668,96.0,False,0,228.562496,100.0,False,0
3397.451639124672,225.0,96.0,False,0,228.562496,100.0,False,0
3410.139139124672,225.0,96.0,False,0,231.0,100.0,False,0
3412.4516391246716,225.0,96.0,False,0,235.0,100.0,False,0
3422.851639124672,234.0,96.0,False,0,235.0142848,99.9928576,False,0
3429.595754773857,235.71666346666666,97.1444423111111,False,0,237.0,99.0,False,0
3446.729088107191,240.0,100.0,False,0,237.0,99.22142811428571,False,0
3449.536744333857,240.656248,100.0,False,0,237.0,100.0,False,0
3463.0801470005235,243.781248,100.0,False,0,241.25999616000001,100.0,False,0
3468.388480333857,245.0,100.0,False,0,241.25999616000001,100.0,False,0
3482.2218136671904,249.0,100.0,False,0,249.0,100.0,False,0
3482.3601549365235,249.0142848,100.0,False,0,249.0,100.0,False,0
3501.742932714302,251.0,100.0,False,0,254.36666453333333,100.0,False,0
3506.0847779130318,252.10714057142857,100.0,False,0,255.0,100.0,False,0
3521.587000135254,256.0,100.0,False,0,259.22999808,100.0,False,0
3528.8981333960533,258.03999744,100.0,False,0,259.22999808,100.0,False,0
3531.7741333676095,258.83999744,100.0,False,0,261.0,100.0,False,0
3550.694133367609,264.0,100.0,False,0,261.0,100.0,False,0
3552.308960519412,264.24444302222224,100.0,False,0,261.0,100.0,False,0
3574.607108549041,267.57777635555556,100.0,False,0,274.0,100.0,False,0
3577.43599743793,268.0,100.0,False,0,274.0,100.0,False,0
3599.092030470464,276.45999616,100.0,False,0,278.0,100.0,False,0
3608.2698082482416,280.0,100.0,False,0,278.0,100.0,False,0
3643.347586026019,287.0,100.0,False,0,288.5499968,100.0,False,0
3656.236474914908,290.0,100.0,False,0,293.5499968,100.0,False,0
3662.862783524489,290.91110968888887,100.0,False,0,293.5499968,100.0,False,0
3685.5661168578213,294.0,100.0,False,0,298.29999908571426,100.0,False,0
3690.6516955156,295.291664,100.0,False,0,299.0,100.0,False,0
3693.9419732637475,296.12499733333334,100.0,False,0,299.0,100.0,False,0
3705.4036399304146,299.0,100.0,False,0,302.9277752888889,99.43888924444444,False,0
3718.781417708192,301.0,100.0,False,0,306.0,99.0,False,0
3720.6223559711057,301.24444302222224,100.0,False,0,306.0,99.0,False,0
3737.4816151513514,303.46666524444447,100.0,False,0,306.0,99.0,False,0
3749.1732818180185,305.0,100.0,False,0,306.0,99.0,False,0
3754.4260595957962,305.0,100.0,False,0,313.5749952,99.75749952,False,0
3764.592726262463,305.0,100.0,False,0,313.5749952,99.75749952,False,0
3772.8955040402407,305.0,100.0,False,0,316.0,100.0,False,0
3790.0093929291293,305.0,100.0,False,0,318.0,100.0,False,0
3803.3955040402407,305.0,100.0,False,0,318.0375008,100.0,False,0
3806.9709873213073,306.46999552,100.0,False,0,318.0375008,100.0,False,0
3820.664320654641,312.0,100.0,False,0,320.7874976,100.0,False,0
3847.115589283441,314.27249856,100.0,False,0,325.0,99.0,False,0
3855.60308928344,315.0,100.0,False,0,325.129000192,99.043000064,False,0
3869.603089283441,315.0,100.0,False,0,325.729000192,99.243000064,False,0
3883.6030892834406,315.0,100.0,False,0,326.145999616,99.381999872,False,0
3883.8656127214404,315.0281256,100.0,False,0,326.145999616,99.381999872,False,0
3903.243373028107,317.0906232,100.0,False,0,327.225999616,99.741999872,False,0
3911.8117063614395,318.0,100.0,False,0,327.225999616,99.741999872,False,0
3925.9005952503294,317.0,100.0,False,0,328.0,100.0,False,0
3929.686470527342,316.956999936,100.0,False,0,328.0,100.0,False,0
3947.2840816348976,316.756999936,100.0,False,0,328.041664,100.0,False,0
3959.5090544176173,316.618000128,100.0,False,0,333.0,100.0,False,0
3991.1348544304174,316.258000128,100.0,False,0,332.0,100.0,False,0
4013.781521097085,316.0,100.0,False,0,332.0,99.0,False,0
4013.9570720233064,315.9916672,100.0,False,0,332.0,99.0,False,0
4034.7820720233062,315.0,100.0,False,0,332.0,100.0,False,0
4036.707072023307,315.0,100.0,False,0,332.0,100.0,False,0
4048.7820720233062,315.0,100.0,False,0,332.0,100.0,False,0
4066.4165918902268,314.2785718857143,100.0,False,0,332.0,100.0,False,0
4073.2199252235605,314.0,100.0,False,0,332.0,100.0,False,0
4083.8610363346716,314.0,100.0,False,0,332.0,100.0,False,0
4087.175480779116,314.0,100.0,False,0,332.0,100.0,False,0
4101.086591890228,313.0,100.0,False,0,332.0,100.0,False,0
4106.477147445784,313.0,100.0,False,0,332.0,100.0,False,0
4118.475480779117,313.0,100.0,False,0,333.0,98.0,False,0
4135.753258556895,311.0,100.0,False,0,334.0,100.0,False,0
4135.926036334674,311.0,100.0,False,0,334.0,100.0,False,0
4158.387147445785,311.0,100.0,False,0,335.56666595555555,100.0,False,0
4166.8532585568955,311.0,100.0,False,0,335.56666595555555,100.0,False,0
4187.58659189023,311.0,100.0,False,0,336.0,100.0,False,0
4192.942703001341,311.0,100.0,False,0,335.49000064,100.0,False,0
4204.864369668007,311.0,100.0,False,0,335.0,100.0,False,0
4229.164675251416,310.2166670222222,100.0,False,0,337.0,100.0,False,0
4235.8813419180815,310.0,100.0,False,0,337.0,100.0,False,0
4249.614675251416,309.0,100.0,False,0,336.4928576,100.0,False,0
4258.355225269548,308.49000064,100.0,False,0,336.4928576,100.0,False,0
4266.739669713992,308.0,100.0,False,0,336.0,100.0,False,0
4277.151607241103,307.2375008,100.0,False,0,336.0,100.0,False,0
4280.392162796659,307.0,100.0,False,0,336.0,100.0,False,0
4297.447718352214,307.0,100.0,False,0,335.9312504,100.0,False,0
4299.323349307389,306.9214290285714,100.0,False,0,335.9312504,100.0,False,0
4309.539777894057,306.4928576,100.0,False,0,335.3062504,100.0,False,0
4321.2697778940565,306.0,100.0,False,0,335.0,100.0,False,0
4329.929456478438,305.63571474285715,100.0,False,0,335.0,100.0,False,0
4345.010012033993,305.0,100.0,False,0,335.0,100.0,False,0
4346.873900922882,305.0,100.0,False,0,335.0,100.0,False,0
4363.818345367326,305.0,100.0,False,0,335.0,100.0,False,0
4372.121123145104,305.0,100.0,False,0,335.0,100.0,False,0
4402.707837820821,304.17727301818184,100.0,False,0,332.80833493333336,100.0,False,0
4409.294504487488,304.0,100.0,False,0,332.0,100.0,False,0
4429.494504487488,303.0,100.0,False,0,332.0,100.0,False,0
4441.530337820821,303.0,100.0,False,0,332.0,100.0,False,0
4449.694504487488,303.0,100.0,False,0,331.5431748558128,100.0,False,0
4458.363671154155,303.0,100.0,False,0,331.5431748558128,100.0,False,0
4466.527837820821,303.0,100.0,False,0,330.0,100.0,False,0
4466.780337820821,303.0,100.0,False,0,330.0,100.0,False,0
4480.078671154154,303.0,100.0,False,0,329.3562512,100.0,False,0
4486.980337820822,303.0,100.0,False,0,329.0,100.0,False,0
4510.294504487489,303.0,100.0,False,0,328.0,100.0,False,0
4518.94525278571,302.3562512,51.0750912,False,0,328.0,100.0,False,0
4523.726919452377,302.0,24.0,True,0,328.0,100.0,False,0
4553.726919452377,300.0,5.0,True,0,319.50001066666664,57.500053333333334,False,0
4553.893475015043,299.8000128,4.96000256,True,0,319.50001066666664,57.500053333333334,False,0
4569.293475015043,280.0,1.0,True,0,295.0375136,0.7624991999999999,True,0
4576.985975317266,271.50001066666664,1.0,True,0,291.0,1.0,True,0
4586.952641983932,260.0,1.0,True,0,253.25001600000002,1.0,True,0
4595.608711591043,255.4250048,1.0,True,0,253.25001600000002,1.0,True,0
4598.289822702154,254.0,1.0,True,0,246.0,1.0,False,0
4617.908638232821,233.8666752,0.16111146666666665,True,0,239.8500096,0.0,True,0
4621.614193788377,230.0,0.0,True,0,225.0,0.0,True,0
4633.947527121711,222.0,0.0,True,0,215.0,0.0,True,0
4634.0707771270445,221.8500096,0.0,True,0,215.0,0.0,True,0
4645.455777127044,207.0,0.0,True,0,193.7375168,0.0,True,0
4647.824839767044,203.062512,0.0,True,0,173.0,0.0,True,0
4654.118173100377,192.0,0.0,True,0,168.59001344,0.0,True,0
4662.074736140377,176.812512,0.0,True,0,147.9000064,0.0,True,0
4669.184736140377,162.0,0.0,True,0,143.8166784,0.0,True,0
4671.057586192644,160.53000448,0.0,True,0,122.0,0.0,True,0
4677.8603639704215,155.0,0.0,True,0,122.0,0.0,True,0
4681.215815632643,147.312512,0.0,True,0,122.0,0.0,True,0
4684.249148965977,140.0,0.0,True,0,105.0,0.0,True,0
4684.326866562421,139.8916736,0.0,True,0,105.0,0.0,True,0
4692.722977673532,127.0,0.0,True,0,91.0,0.0,True,0
4696.675439153354,116.63001088,0.0,True,0,91.0,0.0,True,0
4699.058772486687,110.0,0.0,True,0,91.0,0.0,True,0
4703.947661375576,110.0,0.0,True,0,76.59000704,0.0,True,0
4707.434263480465,102.8833408,0.0,True,0,69.0,0.0,True,0
4710.580930147132,96.0,0.0,True,0,67.0,0.0,True,0
4713.156430328465,90.9000064,0.0,True,0,64.56000256,0.0,True,0
4715.087541581798,86.9000064,0.0,True,0,63.0,0.0,False,0
4716.440874915132,84.0,0.0,True,0,60.633335466666665,0.0,False,0
4722.029844615754,76.79500352,0.65499968,True,0,56.0,13.0,False,0
4724.828177949087,73.0,1.0,True,0,56.939285028571426,26.1499904,False,0
4729.228177949087,66.0,2.0,True,0,63.0,36.0,False,0
4730.348827982153,65.07000192,2.92999808,True,0,63.0,36.0,False,0
4731.418328014153,64.17000192,3.8299980799999997,True,0,63.0375008,36.0375008,False,0
4732.783328014153,63.0,5.0,True,0,65.0,38.0,False,0
4735.198314188376,61.2250016,5.0,True,0,66.07232096914848,38.75062467840394,False,0
4736.831647521709,60.0,5.0,True,0,66.07232096914848,38.75062467840394,False,0
4738.5171975398425,59.49000064,6.01999872,True,0,72.05735933085037,42.940151531595255,False,0
4740.123308650954,59.0,7.0,False,0,72.05735933085037,42.940151531595255,False,0
4744.364966439144,58.060714971428574,10.757140114285715,False,0,78.41422074263545,46.280332778488294,False,0
4744.638855328033,58.0,11.0,False,0,78.41422074263545,46.280332778488294,False,0
4749.883299772478,59.0,20.0,False,0,88.88213668571429,49.96071222857143,False,0
4749.932513315144,59.0562512,20.0562512,False,0,88.88213668571429,49.96071222857143,False,0
4752.636402204033,62.0,23.0,False,0,88.88213668571429,49.96071222857143,False,0
4753.385923554359,62.75062467840394,24.715713550637574,False,0,92.0,51.0,False,0
4757.848600323132,66.94015153159526,34.291774929360585,False,0,94.5249984,51.841666133333334,False,0
4760.110266989799,69.0,39.0,False,0,94.5249984,51.841666133333334,False,0
4762.125727148783,71.13388796414715,40.280332778488294,False,0,95.0,52.0,False,0
4764.941838259894,74.0,42.0,False,0,104.0,53.0,False,0
4769.068959900275,81.18927817142857,49.84284891428572,False,0,104.0,53.0,False,0
4771.3592376780525,85.0,54.0,False,0,111.0,53.0,False,0
4776.459269875979,90.89166293333334,57.366664533333335,False,0,114.0,58.0,False,0
4777.43038098709,92.0,58.0,False,0,114.0,58.0,False,0
4784.297047653757,103.0,59.0,False,0,120.91428205714286,57.13571474285714,False,0
4789.097047653757,108.0,59.0,False,0,122.0,57.0,False,0
4789.1571101497575,108.1124928,59.2749824,False,0,122.0,57.0,False,0
4794.292110149758,117.0,81.0,False,0,129.0,63.0,False,0
4797.772252799662,122.82856411428571,82.45714102857143,False,0,129.0,63.0,False,0
4802.860030292995,130.8285641142857,84.45714102857143,False,0,135.79999146666665,63.0,False,0
4804.263919181884,133.0,85.0,False,0,145.0,63.0,False,0
4815.308363626328,142.0,7.0,True,0,155.46499584,92.78498816,False,0
4819.259447050328,139.4500032,25.699976533333334,True,0,155.46499584,92.78498816,False,0
4824.472780383661,136.0,51.0,True,0,158.0,100.0,False,0
4826.85237475095,138.16999552,57.81998592,True,0,158.0,100.0,False,0
4837.4885410940615,147.26999552,86.41998592,True,0,171.39499392,100.0,False,0
4838.310596624728,147.96999552,88.61998592,True,0,171.39499392,100.0,False,0
4840.727263291394,150.0,95.0,False,0,177.0,100.0,False,0
4853.1399629905945,158.45999616,98.5249984,False,0,182.61110755555555,100.0,False,0
4858.449962990594,162.0,100.0,False,0,187.0,100.0,False,0
4867.82332392215,167.0499968,100.0,False,0,190.0499968,100.0,False,0
4875.32832392215,171.0,100.0,False,0,193.5374976,100.0,False,0
4881.412734729617,179.53999104,100.0,False,0,195.0,100.0,False,0
4885.42106806295,185.0,100.0,False,0,197.0333312,100.0,False,0
4889.681651323394,187.0499968,100.0,False,0,197.0333312,100.0,False,0
4893.776651323395,189.0,100.0,False,0,200.0333312,100.0,False,0
4900.319465993617,193.0666624,100.0,False,0,201.0,100.0,False,0
4910.272799113617,199.0666624,100.0,False,0,206.0,100.0,False,0
4913.51113244695,201.0,100.0,False,0,206.0,100.0,False,0
4920.384815715217,202.82999808,100.0,False,0,207.18333226666667,100.0,False,0
4924.804815715217,204.0,100.0,False,0,207.18333226666667,100.0,False,0
4932.960392777538,206.76110862222222,100.0,False,0,209.0,100.0,False,0
4945.73761499976,211.0,100.0,False,0,213.0,100.0,False,0
4951.743042049094,211.9562488,100.0,False,0,213.0,100.0,False,0
4964.701930937982,214.0,100.0,False,0,218.0,99.0,False,0
4973.223057849983,216.0285696,100.0,False,0,218.0,99.0,False,0
4981.57972451665,218.0,100.0,False,0,220.0812488,99.6937496,False,0
4991.45806821265,219.5187488,100.0,False,0,221.2928566857143,100.0,False,0
4995.126089025984,220.0812488,100.0,False,0,221.2928566857143,100.0,False,0
5001.142200137095,221.0,100.0,False,0,222.0,100.0,False,0
5006.189430274999,221.58571337142857,97.65714651428571,False,0,222.0,100.0,False,0
5018.454430274999,223.0,92.0,False,0,224.0,100.0,True,0
5025.968534386999,219.9249984,56.329981440000005,False,0,212.72499413333333,67.19998293333333,True,0
5030.631312164777,218.0,34.0,True,0,194.3916608,13.866649600000002,True,0
5037.811152302851,210.14166257777777,26.824996266666666,True,0,191.0,4.0,True,0
5048.775812569518,197.3638848,15.158329600000002,True,0,180.4018642545773,4.757009696101622,True,0
5050.779979236185,195.0,13.0,True,0,180.4018642545773,4.757009696101622,True,0
5063.176006918881,183.64485455847569,13.757009696101623,True,0,165.0,5.0,True,0
5067.076006918882,180.0,14.0,True,0,165.0,5.0,True,0
5075.076006918882,180.0,19.0,True,0,157.3500096,5.0,True,0
5079.873706123961,169.3305601792642,20.280332778488294,True,0,153.0,5.0,True,0
5085.772317235072,155.0,22.0,True,0,151.0,20.0,False,0
5090.091733992404,152.4500032,22.0,True,0,149.2250016,29.466658133333333,False,0
5092.5245117701825,151.0,22.0,True,0,149.2250016,29.466658133333333,False,0
5098.480622881293,151.0,26.437496,True,0,148.0,36.0,False,0
5099.235622881293,151.0,27.0,True,0,148.0,36.0,False,0
5105.051706340849,147.4500032,26.408333866666666,True,0,149.8937488,50.5187408,False,0
5108.998928563072,145.0,26.0,True,0,151.0,59.0,False,0
5116.993359208405,142.4750016,34.8374944,True,0,151.0,59.0,False,0
5121.615025875072,141.0,40.0,False,0,151.0,59.0,False,0
5123.264925860139,141.41999872,40.20999936,False,0,151.0,59.0,False,0
5129.54103697125,143.0,41.0,False,0,151.0,59.0,False,0
5140.15255671271,145.80714148571428,52.228565942857145,False,0,165.1555456,79.7277632,False,0
5140.8825567127105,146.0,53.0,False,0,165.1555456,79.7277632,False,0
5148.468136815822,150.0444416,66.64999040000001,False,0,179.0,100.0,False,0
5156.082581260266,154.0,80.0,False,0,184.82221937777777,100.0,False,0
5167.872985296612,162.00555164444444,94.55554844444444,False,0,194.6499904,100.0,False,0
5172.364651963278,165.0,100.0,False,0,194.6499904,100.0,False,0
5177.213051745679,171.11999232,100.0,False,0,202.0,100.0,False,0
5182.031385079013,177.0,100.0,False,0,202.0,100.0,False,0
5194.431385079012,186.0,99.0,False,0,202.0,100.0,False,0
5214.731385079012,203.0,100.0,False,0,219.7857097142857,99.07857097142858,False,0
5215.976742193933,203.7857097142857,100.0,False,0,219.7857097142857,99.07857097142858,False,0
5231.241742193933,213.0,100.0,False,0,229.0,100.0,False,0
5244.680964240747,217.93333048888888,100.0,False,0,235.16666311111112,100.0,False,0
5253.152630907414,221.0,100.0,False,0,239.0,100.0,False,0
5256.990775285725,222.85999616,100.0,False,0,239.0,100.0,False,0
5265.692441952392,227.0,100.0,False,0,239.0,100.0,False,0
5274.698841210614,228.3312488,100.0,False,0,239.0,100.0,False,0
5286.071063432836,230.0,100.0,False,0,239.0,100.0,False,0
5294.162670759947,238.7687408,100.0,False,0,246.624992,100.0,False,0
5303.839441235503,248.8312408,100.0,False,0,255.374992,100.0,False,0
5307.915552346614,253.0,100.0,False,0,259.0,100.0,False,0
5316.489441235503,253.0,100.0,False,0,260.7428553142857,100.0,False,0
5327.593330124392,253.0,100.0,False,0,263.0,100.0,False,0
5334.875199029534,257.00713782857144,100.0,False,0,265.1857115428571,100.0,False,0
5346.577103567947,263.2928521142857,100.0,False,0,268.61428297142857,100.0,False,0
5347.897103567947,264.0,100.0,False,0,268.61428297142857,100.0,False,0
5372.252659123502,274.0,100.0,False,0,270.7625,100.0,False,0
5374.005232626029,274.3158525695563,100.0,False,0,270.7625,100.0,False,0
5384.747839131306,276.2384529928352,100.0,False,0,270.7625,100.0,False,0
5390.988232395757,277.35081175337325,100.0,False,0,270.7625,100.0,False,0
